{
  "weights": [
    0.014798881251958815,
    -0.34337708765831676,
    0.617441273025903
  ],
  "stats": {
    "trainingSetSize": 1000,
    "testSetSize": 100,
    "epochs": 100,
    "learningRate": 0.016624876448270418,
    "accuracy": 1,
    "bmiStats": {
      "mean": 55.304749018997256,
      "stdDev": 34.46990390857393
    }
  }
}